"","label","group","method","nseqs","coverage","chao","chao_lci","chao_hci","shannon","shannon_lci","shannon_hci","invsimpson","invsimpson_lci","invsimpson_hci","heip","accession","stage","turned","cultivar_type","retting_type","plant","treatment","experiment","rettingPeriod","replicate"
"1",0.03,"SRR7969085","ave",2084,0.991843,78.2,59.263264,140.533628,2.624736,2.573685,2.675787,9.1432,8.660557,9.682812,0.256018,"ERR2757325","early","FALSE","Cultivar Lorea","dew","flax","standard","PRJEB27872","R0","na"
"2",0.03,"SRR7969086","ave",2084,0.977927,227.375,153.391976,400.171756,3.105767,3.050901,3.160633,14.248392,13.423451,15.181365,0.219859,"ERR2757326","early","FALSE","Cultivar Lorea","dew","flax","standard","PRJEB27872","R1","na"
"3",0.03,"SRR7969087","ave",2084,0.984165,142.8,111.495041,219.696893,2.976628,2.916007,3.03725,11.112063,10.444953,11.870203,0.209231,"ERR2757327","early","FALSE","Cultivar Lorea","dew","flax","standard","PRJEB27872","R2","na"
"4",0.03,"SRR7969088","ave",2084,0.979846,219,146.584654,395.0828,3.138027,3.079611,3.196443,13.434301,12.632209,14.345159,0.232193,"ERR2757328","early","FALSE","Cultivar Lorea","dew","flax","standard","PRJEB27872","R3","na"
"5",0.03,"SRR7969089","ave",2084,0.978887,171.769231,131.931813,259.797737,3.154676,3.098145,3.211206,14.057734,13.186133,15.052716,0.229035,"ERR2757329","middle","FALSE","Cultivar Lorea","dew","flax","standard","PRJEB27872","R4","na"
"6",0.03,"SRR7969090","ave",2084,0.970729,241.714286,175.199772,377.141515,3.006998,2.947268,3.066728,12.012342,11.306206,12.812558,0.174787,"ERR2757330","middle","TRUE","Cultivar Lorea","dew","flax","standard","PRJEB27872","R5","na"
"7",0.03,"SRR7969091","ave",2084,0.991843,79,67.335637,116.164103,2.956006,2.90454,3.007473,12.478073,11.812108,13.223619,0.298706,"ERR2757331","late","TRUE","Cultivar Lorea","dew","flax","standard","PRJEB27872","R6","na"
"8",0.03,"SRR7969092","ave",2084,0.982246,137.545455,102.715993,219.547559,2.593606,2.534621,2.652591,8.174873,7.737985,8.664047,0.162867,"ERR2757332","late","TRUE","Cultivar Lorea","dew","flax","standard","PRJEB27872","R7","na"
"9",0.03,"SRR7969093","ave",2084,0.993762,65.666667,59.372262,88.66223,2.797585,2.741564,2.853606,9.220103,8.593439,9.945353,0.275089,"ERR2757333","late","TRUE","Cultivar Lorea","dew","flax","standard","PRJEB27872","R8","na"
"10",0.03,"SRR7969094","ave",2084,0.988004,107.5,83.685322,172.756074,3.222616,3.178826,3.266406,18.484492,17.551337,19.522445,0.349184,"ERR2179951","early","FALSE","Cultivar Lorea","dew","flax","early harvest","PRJEB20299","R0","na"
"11",0.03,"SRR7969095","ave",2084,0.984645,125.428571,104.687836,175.457359,2.959138,2.894707,3.023569,9.56823,8.900054,10.344877,0.205408,"ERR2179952","early","FALSE","Cultivar Lorea","dew","flax","early harvest","PRJEB20299","R1","na"
"12",0.03,"SRR7969096","ave",2084,0.987524,107.117647,95.359333,137.662713,2.794954,2.724768,2.865141,7.14119,6.617542,7.754831,0.176573,"ERR2179953","early","FALSE","Cultivar Lorea","dew","flax","early harvest","PRJEB20299","R2","na"
"13",0.03,"SRR7969097","ave",2084,0.993282,71.111111,63.885436,96.431239,2.967012,2.91326,3.020764,11.589833,10.851987,12.435333,0.307229,"ERR2179954","middle","TRUE","Cultivar Lorea","dew","flax","early harvest","PRJEB20299","R3","na"
"14",0.03,"SRR7969098","ave",2084,0.988964,95.3,79.117964,140.200978,2.743765,2.681889,2.80564,8.281643,7.756169,8.883492,0.210803,"ERR2179955","middle","TRUE","Cultivar Lorea","dew","flax","early harvest","PRJEB20299","R4","na"
"15",0.03,"SRR7969099","ave",2084,0.980806,175.909091,135.746706,268.532938,3.330724,3.27398,3.387468,16.248463,15.117947,17.561725,0.259217,"ERR2179956","late","TRUE","Cultivar Lorea","dew","flax","early harvest","PRJEB20299","R5","na"
"16",0.03,"SRR7969100","ave",2084,0.988484,106.2,69.811199,212.980105,1.689651,1.62602,1.753283,3.257926,3.09901,3.434022,0.088352,"ERR2179957","late","TRUE","Cultivar Lorea","dew","flax","early harvest","PRJEB20299","R6","na"
"17",0.03,"SRR7969101","ave",2084,0.986084,128.6,103.887331,191.753113,3.211022,3.159155,3.262889,16.671552,15.846169,17.587643,0.273614,"ERR2179958","early","FALSE","Cultivar Lorea","dew","flax","standard harvest","PRJEB20299","R0","na"
"18",0.03,"SRR7969102","ave",2084,0.991843,82.333333,74.572026,106.958427,2.972861,2.919216,3.026506,12.44716,11.768,13.209514,0.264968,"ERR2179959","early","FALSE","Cultivar Lorea","dew","flax","standard harvest","PRJEB20299","R1","na"
"19",0.03,"SRR7969103","ave",2084,0.982246,143.545455,108.715993,225.547559,2.541055,2.471932,2.610177,6.135285,5.754827,6.569609,0.142598,"ERR2179960","early","FALSE","Cultivar Lorea","dew","flax","standard harvest","PRJEB20299","R2","na"
"20",0.03,"SRR7969104","ave",2084,0.977447,170.5625,134.726897,246.874497,2.781719,2.71071,2.852728,7.290629,6.794527,7.864884,0.148498,"ERR2179961","middle","TRUE","Cultivar Lorea","dew","flax","standard harvest","PRJEB20299","R3","na"
"21",0.03,"SRR7969105","ave",2084,0.988004,112,79.661816,203.548296,2.722496,2.668689,2.776304,9.739804,9.226541,10.313535,0.233086,"ERR2179962","middle","TRUE","Cultivar Lorea","dew","flax","standard harvest","PRJEB20299","R4","na"
"22",0.03,"SRR7969106","ave",2084,0.991843,72.428571,59.057436,115.31504,2.782356,2.736024,2.828688,11.613584,11.072142,12.210704,0.291482,"ERR2179963","late","TRUE","Cultivar Lorea","dew","flax","standard harvest","PRJEB20299","R5","na"
"23",0.03,"SRR7969107","ave",2084,0.980326,174.111111,121.736962,297.297511,2.782786,2.726497,2.839076,10.383858,9.85359,10.974445,0.184927,"ERR2179964","late","TRUE","Cultivar Lorea","dew","flax","standard harvest","PRJEB20299","R6","na"
"24",0.03,"SRR7969108","ave",2084,0.985605,130.375,96.998222,216.804335,2.76863,2.710812,2.826449,9.344909,8.739016,10.041077,0.199157,"SRR3123514","early","na","unknown","water","flax","standard","PRJNA309354","R1","na"
"25",0.03,"SRR7969109","ave",2084,0.977927,259.5,157.271947,510.444224,3.125856,3.077152,3.174561,16.020712,15.175856,16.965181,0.253249,"SRR3123516","early","na","unknown","water","flax","standard","PRJNA309354","R2","na"
"26",0.03,"SRR7969110","ave",2084,0.995202,50,43.130414,79.020786,2.566597,2.520378,2.612815,9.161339,8.685222,9.692683,0.300536,"SRR3123517","middle","na","unknown","water","flax","standard","PRJNA309354","R3","na"
"27",0.03,"SRR7969111","ave",2084,0.975528,181.833333,145.308882,257.24088,3.010469,2.948499,3.072439,11.680961,11.012688,12.435577,0.175427,"SRR3123518","middle","na","unknown","water","flax","standard","PRJNA309354","R4","na"
"28",0.03,"SRR7969112","ave",2084,0.992322,77,66.577411,111.154422,2.716187,2.659529,2.772845,9.274868,8.77188,9.839048,0.231517,"SRR3123519","late","na","unknown","water","flax","standard","PRJNA309354","R5","na"
"29",0.03,"SRR7969113","ave",2084,0.976967,206.545455,150.433001,330.467597,3.160666,3.102243,3.219089,13.693572,12.822681,14.691382,0.219285,"SRR3123509","early","na","unknown","water","flax","inoculated","PRJNA309354","R1","na"
"30",0.03,"SRR7969114","ave",2084,0.986084,119,82.815823,215.200008,2.440637,2.38389,2.497384,6.936543,6.525295,7.403116,0.174672,"SRR3123510","early","na","unknown","water","flax","inoculated","PRJNA309354","R2","na"
"31",0.03,"SRR7969115","ave",2084,0.994722,58.166667,51.29218,85.658448,2.732133,2.682978,2.781288,10.373982,9.827566,10.984737,0.299284,"SRR3123511","middle","na","unknown","water","flax","inoculated","PRJNA309354","R3","na"
"32",0.03,"SRR7969116","ave",2084,0.979846,160.75,120.812996,250.822624,2.914218,2.854572,2.973863,10.22377,9.54433,11.007361,0.198118,"SRR3123512","middle","na","unknown","water","flax","inoculated","PRJNA309354","R4","na"
"33",0.03,"SRR7969117","ave",2084,0.974568,202.125,157.663577,294.033575,2.995306,2.924679,3.065933,9.090622,8.474366,9.803535,0.165143,"SRR3123513","late","na","unknown","water","flax","inoculated","PRJNA309354","R5","na"
"34",0.03,"SRR7969118","ave",2084,0.96833,261.894737,207.320647,367.53704,3.565941,3.502814,3.629068,18.11637,16.760384,19.711079,0.232248,"SRR7969180","early","FALSE","SS Alpha","dew","hemp","Soil Slurry","PRJNA494847","R1","rep1"
"35",0.03,"SRR7969119","ave",2084,0.981766,160.875,109.093012,286.947666,2.567181,2.510796,2.623565,8.363882,7.944689,8.829776,0.16707,"SRR7969181","early","FALSE","SS Alpha","dew","hemp","Soil Slurry","PRJNA494847","R2","rep1"
"36",0.03,"SRR7969120","ave",2084,0.974568,205.125,160.663577,297.033575,2.879262,2.805514,2.95301,7.703041,7.143237,8.358049,0.142382,"SRR7969178","early","FALSE","SS Alpha","dew","hemp","Soil Slurry","PRJNA494847","R3","rep1"
"37",0.03,"SRR7969121","ave",2084,0.979846,171.75,131.812996,261.822624,3.156632,3.099577,3.213686,14.619907,13.862883,15.464386,0.227185,"SRR7969179","middle","TRUE","SS Alpha","dew","hemp","Soil Slurry","PRJNA494847","R4","rep1"
"38",0.03,"SRR7969122","ave",2084,0.987044,121.1,99.412765,177.853542,3.214985,3.16255,3.26742,16.310982,15.465595,17.254134,0.281211,"SRR7969184","middle","TRUE","SS Alpha","dew","hemp","Soil Slurry","PRJNA494847","R5","rep1"
"39",0.03,"SRR7969123","ave",2084,0.984165,153.428571,107.363261,271.761497,2.840742,2.783243,2.898241,10.530717,9.971679,11.156159,0.209461,"SRR7969185","late","TRUE","SS Alpha","dew","hemp","Soil Slurry","PRJNA494847","R6","rep1"
"40",0.03,"SRR7969124","ave",2084,0.979367,167.461538,129.250782,252.393108,3.087623,3.02986,3.145387,13.176501,12.405031,14.050291,0.215721,"SRR7969182","early","FALSE","SS Alpha","dew","hemp","Soil Slurry","PRJNA494847","R1","rep2"
"41",0.03,"SRR7969125","ave",2084,0.975048,217.714286,167.975402,322.460051,3.355606,3.292389,3.418823,14.34264,13.25457,15.625325,0.226746,"SRR7969183","early","FALSE","SS Alpha","dew","hemp","Soil Slurry","PRJNA494847","R2","rep2"
"42",0.03,"SRR7969126","ave",2084,0.977447,212.272727,158.291184,332.046302,3.231362,3.167547,3.295176,12.997778,12.108882,14.02752,0.215169,"SRR7969176","early","FALSE","SS Alpha","dew","hemp","Soil Slurry","PRJNA494847","R3","rep2"
"43",0.03,"SRR7969127","ave",2084,0.97025,275.461538,200.971593,428.134202,3.510424,3.452499,3.568349,19.352557,18.091722,20.802295,0.251647,"SRR7969177","middle","TRUE","SS Alpha","dew","hemp","Soil Slurry","PRJNA494847","R4","rep2"
"44",0.03,"SRR7969128","ave",2084,0.990883,93.1,81.687443,127.413259,3.106825,3.049871,3.16378,12.566428,11.704532,13.565351,0.284666,"SRR7969155","middle","TRUE","SS Alpha","dew","hemp","Soil Slurry","PRJNA494847","R5","rep2"
"45",0.03,"SRR7969129","ave",2084,0.992322,69,55.016808,115.480432,2.69104,2.642281,2.739798,10.122922,9.625666,10.674351,0.286396,"SRR7969154","late","TRUE","SS Alpha","dew","hemp","Soil Slurry","PRJNA494847","R6","rep2"
"46",0.03,"SRR7969130","ave",2084,0.988964,110.166667,82.515517,190.491518,2.854196,2.799085,2.909307,10.576644,9.923226,11.32218,0.244186,"SRR7969153","early","FALSE","SS Alpha","dew","hemp","Soil Slurry","PRJNA494847","R1","rep3"
"47",0.03,"SRR7969131","ave",2084,0.974568,208,152.105921,326.244954,3.000989,2.93901,3.062969,10.252505,9.457334,11.193665,0.189163,"SRR7969152","early","FALSE","SS Alpha","dew","hemp","Soil Slurry","PRJNA494847","R2","rep3"
"48",0.03,"SRR7969132","ave",2084,0.977927,204.5,146.830399,334.736782,3.183111,3.123654,3.242569,12.957197,11.994413,14.088035,0.231217,"SRR7969151","early","FALSE","SS Alpha","dew","hemp","Soil Slurry","PRJNA494847","R3","rep3"
"49",0.03,"SRR7969133","ave",2084,0.985125,117.214286,97.620119,164.996998,3.08089,3.027689,3.13409,14.161193,13.398659,15.015757,0.250335,"SRR7969150","middle","TRUE","SS Alpha","dew","hemp","Soil Slurry","PRJNA494847","R4","rep3"
"50",0.03,"SRR7969134","ave",2084,0.985125,141.428571,100.445048,248.422941,2.986544,2.934008,3.039079,12.923021,12.23012,13.69915,0.254285,"SRR7969149","middle","TRUE","SS Alpha","dew","hemp","Soil Slurry","PRJNA494847","R5","rep3"
"51",0.03,"SRR7969136","ave",2084,0.974088,256.1,178.478921,425.73591,3.405989,3.353189,3.45879,19.923134,18.866463,21.105191,0.260215,"SRR7969148","late","TRUE","SS Alpha","dew","hemp","Soil Slurry","PRJNA494847","R6","rep3"
"52",0.03,"SRR7969137","ave",2084,0.981286,161.363636,123.018298,250.379246,3.035447,2.975933,3.09496,11.893726,11.168523,12.719647,0.213014,"SRR7969097","early","FALSE","SS Alpha","dew","hemp","Low Moisture","PRJNA494847","R1","rep1"
"53",0.03,"SRR7969138","ave",2084,0.976008,186.681818,158.197447,244.998379,3.558075,3.500239,3.615911,20.528573,19.208079,22.044029,0.262274,"SRR7969098","early","FALSE","SS Alpha","dew","hemp","Low Moisture","PRJNA494847","R2","rep1"
"54",0.03,"SRR7969139","ave",2084,0.982246,148.3,129.742493,190.217267,3.374629,3.315373,3.433885,16.73015,15.698273,17.907225,0.247486,"SRR7969095","early","FALSE","SS Alpha","dew","hemp","Low Moisture","PRJNA494847","R3","rep1"
"55",0.03,"SRR7969140","ave",2084,0.971689,209.37037,178.723556,268.719054,3.428972,3.360447,3.497498,13.749436,12.700617,14.987071,0.205827,"SRR7969096","middle","TRUE","SS Alpha","dew","hemp","Low Moisture","PRJNA494847","R4","rep1"
"56",0.03,"SRR7969142","ave",2084,0.991363,71.6,50.496367,139.60192,1.41406,1.353178,1.474942,2.693298,2.588846,2.806533,0.077815,"SRR7969103","middle","TRUE","SS Alpha","dew","hemp","Low Moisture","PRJNA494847","R5","rep1"
"57",0.03,"SRR7969143","ave",2084,0.979846,158.833333,132.957154,215.204203,3.232702,3.168874,3.296531,12.508564,11.605112,13.564558,0.221346,"SRR7969104","late","TRUE","SS Alpha","dew","hemp","Low Moisture","PRJNA494847","R6","rep1"
"58",0.03,"SRR7969148","ave",2084,0.948656,433.84,338.462953,598.413585,4.071164,4.010719,4.131608,31.499688,29.199506,34.193251,0.279734,"SRR7969251","early","FALSE","SS Alpha","dew","hemp","Low Moisture","PRJNA494847","R1","rep2"
"59",0.03,"SRR7969149","ave",2084,0.971689,235.772727,197.669298,310.475526,3.703073,3.638655,3.767491,19.717172,18.231751,21.46611,0.25205,"SRR7969250","early","FALSE","SS Alpha","dew","hemp","Low Moisture","PRJNA494847","R2","rep2"
"60",0.03,"SRR7969150","ave",2084,0.973608,227.071429,171.996099,341.62762,3.05036,2.978064,3.122656,8.786005,8.099894,9.599109,0.167691,"SRR7969249","early","FALSE","SS Alpha","dew","hemp","Low Moisture","PRJNA494847","R3","rep2"
"61",0.03,"SRR7969151","ave",2084,0.988484,119,89.048496,204.850362,3.098572,3.045339,3.151805,13.415452,12.548816,14.41067,0.293976,"SRR7969248","middle","TRUE","SS Alpha","dew","hemp","Low Moisture","PRJNA494847","R4","rep2"
"62",0.03,"SRR7969152","ave",2084,0.980326,163.571429,131.204209,235.918368,3.194387,3.131916,3.256857,12.386215,11.470888,13.460288,0.224954,"SRR7969255","middle","TRUE","SS Alpha","dew","hemp","Low Moisture","PRJNA494847","R5","rep2"
"63",0.03,"SRR7969153","ave",2084,0.984645,120.090909,93.359259,185.744669,2.403147,2.333639,2.472654,5.118515,4.759912,5.535554,0.135918,"SRR7969254","late","TRUE","SS Alpha","dew","hemp","Low Moisture","PRJNA494847","R6","rep2"
"64",0.03,"SRR7969154","ave",2084,0.970729,216.5,171.684952,304.335087,3.24388,3.181277,3.306484,13.669511,12.73278,14.755015,0.198653,"SRR7969253","early","FALSE","SS Alpha","dew","hemp","Low Moisture","PRJNA494847","R1","rep3"
"65",0.03,"SRR7969155","ave",2084,0.978887,172.647059,142.793695,237.052404,3.311551,3.249039,3.374064,13.844504,12.770725,15.115429,0.227824,"SRR7969252","early","FALSE","SS Alpha","dew","hemp","Low Moisture","PRJNA494847","R2","rep3"
"66",0.03,"SRR7969156","ave",2084,0.984645,134.6,105.010578,207.942978,3.266939,3.216326,3.317553,17.319412,16.366745,18.389838,0.300368,"SRR7969247","early","FALSE","SS Alpha","dew","hemp","Low Moisture","PRJNA494847","R3","rep3"
"67",0.03,"SRR7969157","ave",2084,0.970729,260.769231,188.470511,409.408915,3.221083,3.159185,3.282982,13.657813,12.770559,14.677559,0.202145,"SRR7969246","middle","TRUE","SS Alpha","dew","hemp","Low Moisture","PRJNA494847","R4","rep3"
"68",0.03,"SRR7969158","ave",2084,0.971209,240.333333,191.504503,337.324541,3.39045,3.319543,3.461357,11.548824,10.509049,12.816945,0.203399,"SRR7969222","middle","TRUE","SS Alpha","dew","hemp","Low Moisture","PRJNA494847","R5","rep3"
"69",0.03,"SRR7969159","ave",2084,0.974568,228.833333,167.729218,359.428745,3.493246,3.441808,3.544684,22.001662,20.837024,23.304198,0.282235,"SRR7969223","late","TRUE","SS Alpha","dew","hemp","Low Moisture","PRJNA494847","R6","rep3"
"70",0.03,"SRR7969161","ave",2084,0.975048,190.789474,155.117023,263.760715,3.267989,3.207147,3.32883,15.207149,14.355872,16.165748,0.210487,"SRR7969224","early","FALSE","SS Alpha","dew","hemp","High Moisture","PRJNA494847","R1","rep1"
"71",0.03,"SRR7969164","ave",2084,0.985605,116.5,90.206802,182.971046,2.427657,2.360094,2.495219,5.569004,5.198418,5.996483,0.143504,"SRR7969225","early","FALSE","SS Alpha","dew","hemp","High Moisture","PRJNA494847","R2","rep1"
"72",0.03,"SRR7969165","ave",2084,0.964012,340,250.218608,514.436047,3.526397,3.459858,3.592936,16.628509,15.509046,17.922152,0.214294,"SRR7969218","early","FALSE","SS Alpha","dew","hemp","High Moisture","PRJNA494847","R3","rep1"
"73",0.03,"SRR7969166","ave",2084,0.976008,279,178.396687,515.644673,3.232656,3.171726,3.293586,12.818462,11.807226,14.019137,0.236377,"SRR7969219","middle","TRUE","SS Alpha","dew","hemp","High Moisture","PRJNA494847","R4","rep1"
"74",0.03,"SRR7969167","ave",2084,0.978887,176,128.1763,283.732763,2.724263,2.66099,2.787537,8.16009,7.61514,8.789046,0.160058,"SRR7969220","middle","TRUE","SS Alpha","dew","hemp","High Moisture","PRJNA494847","R5","rep1"
"75",0.03,"SRR7969168","ave",2084,0.973129,207.25,158.15357,307.465769,2.412321,2.333133,2.491508,4.684698,4.374991,5.041593,0.092362,"SRR7969221","late","TRUE","SS Alpha","dew","hemp","High Moisture","PRJNA494847","R6","rep1"
"76",0.03,"SRR7969169","ave",2084,0.997601,48,46.286466,59.963265,2.998346,2.95503,3.041662,14.375888,13.625963,15.213168,0.423386,"SRR7969216","early","FALSE","SS Alpha","dew","hemp","High Moisture","PRJNA494847","R1","rep2"
"77",0.03,"SRR7969170","ave",2084,0.987524,119.625,94.018081,188.893573,3.040166,2.981648,3.098685,11.507494,10.719668,12.420306,0.25524,"SRR7969217","early","FALSE","SS Alpha","dew","hemp","High Moisture","PRJNA494847","R2","rep2"
"78",0.03,"SRR7969171","ave",2084,0.987044,111.909091,92.280432,162.911585,2.665313,2.599567,2.731059,7.16746,6.669421,7.745883,0.169272,"SRR7969199","early","FALSE","SS Alpha","dew","hemp","High Moisture","PRJNA494847","R3","rep2"
"79",0.03,"SRR7969172","ave",2084,0.973608,215.352941,170.878316,305.957931,3.313758,3.243572,3.383943,10.769077,9.810764,11.934873,0.208569,"SRR7969198","middle","TRUE","SS Alpha","dew","hemp","High Moisture","PRJNA494847","R4","rep2"
"80",0.03,"SRR7969173","ave",2084,0.862284,942.866667,837.569524,1086.989691,5.357005,5.289227,5.424782,79.185918,70.520185,90.279767,0.383101,"SRR7969201","middle","TRUE","SS Alpha","dew","hemp","High Moisture","PRJNA494847","R5","rep2"
"81",0.03,"SRR7969174","ave",2084,0.971689,217.391304,181.062065,288.395846,3.618204,3.558628,3.67778,21.223511,19.934127,22.69123,0.255427,"SRR7969200","late","TRUE","SS Alpha","dew","hemp","High Moisture","PRJNA494847","R6","rep2"
"82",0.03,"SRR7969175","ave",2084,0.976008,201.666667,158.711922,292.283993,3.505805,3.451549,3.560061,21.174234,19.978966,22.521619,0.271498,"SRR7969203","early","FALSE","SS Alpha","dew","hemp","High Moisture","PRJNA494847","R1","rep3"
"83",0.03,"SRR7969176","ave",2084,0.983205,136.5,101.629467,220.740424,2.60274,2.545594,2.659886,8.744449,8.3225,9.211469,0.164483,"SRR7969202","early","FALSE","SS Alpha","dew","hemp","High Moisture","PRJNA494847","R2","rep3"
"84",0.03,"SRR7969177","ave",2084,0.987044,154.2,108.710527,283.430795,3.114921,3.056841,3.173,12.958976,12.180447,13.843823,0.259417,"SRR7969205","early","FALSE","SS Alpha","dew","hemp","High Moisture","PRJNA494847","R3","rep3"
"85",0.03,"SRR7969178","ave",2084,0.988964,96.111111,78.061695,146.53891,2.857891,2.802779,2.913003,10.600664,9.987437,11.294122,0.245145,"SRR7969204","middle","TRUE","SS Alpha","dew","hemp","High Moisture","PRJNA494847","R4","rep3"
"86",0.03,"SRR7969179","ave",2084,0.987524,108,92.573145,148.286797,2.610224,2.539741,2.680706,6.302901,5.883337,6.786902,0.153684,"SRR7969197","middle","TRUE","SS Alpha","dew","hemp","High Moisture","PRJNA494847","R5","rep3"
"87",0.03,"SRR7969180","ave",2084,0.971689,241.066667,183.114917,358.867125,3.399129,3.3372,3.461058,15.625237,14.50986,16.926371,0.229667,"SRR7969196","late","TRUE","SS Alpha","dew","hemp","High Moisture","PRJNA494847","R6","rep3"
"88",0.03,"SRR7969181","ave",2084,0.982246,143.230769,114.115431,210.676942,2.924869,2.861564,2.988173,9.520845,8.831181,10.32735,0.193756,"SRR7969236","early","FALSE","Futura 75","dew","hemp","Soil Slurry","PRJNA494847","R1","rep1"
"89",0.03,"SRR7969182","ave",2084,0.984165,133.615385,109.927647,190.450608,2.866743,2.801226,2.93226,8.868139,8.259574,9.573517,0.180214,"SRR7969237","early","FALSE","Futura 75","dew","hemp","Soil Slurry","PRJNA494847","R2","rep1"
"90",0.03,"SRR7969183","ave",2084,0.973129,198,163.243348,267.03333,3.435947,3.377651,3.494242,18.34994,17.279215,19.562129,0.236699,"SRR7969244","early","FALSE","Futura 75","dew","hemp","Soil Slurry","PRJNA494847","R3","rep1"
"91",0.03,"SRR7969184","ave",2084,0.986564,109.076923,91.451725,153.828831,2.845765,2.786065,2.905465,9.552523,8.916202,10.286647,0.20525,"SRR7969245","middle","TRUE","Futura 75","dew","hemp","Soil Slurry","PRJNA494847","R4","rep1"
"92",0.03,"SRR7969185","ave",2084,0.958253,335.652174,263.322851,465.901844,3.615511,3.54968,3.681342,18.742431,17.457852,20.231069,0.210293,"SRR7969120","middle","TRUE","Futura 75","dew","hemp","Soil Slurry","PRJNA494847","R5","rep1"
"93",0.03,"SRR7969186","ave",2084,0.983205,154.055556,135.303947,197.389388,3.535665,3.477416,3.593914,19.911072,18.732662,21.247693,0.277649,"SRR7969119","late","TRUE","Futura 75","dew","hemp","Soil Slurry","PRJNA494847","R6","rep1"
"94",0.03,"SRR7969187","ave",2084,0.985605,107.071429,88.594541,152.654933,2.102271,2.027885,2.176657,3.986222,3.776708,4.220347,0.095797,"SRR7969122","early","FALSE","Futura 75","dew","hemp","Soil Slurry","PRJNA494847","R1","rep2"
"95",0.03,"SRR7969188","ave",2084,0.976967,182.571429,139.549411,274.885671,2.829119,2.76427,2.893968,9.047235,8.473872,9.703819,0.157728,"SRR7969121","early","FALSE","Futura 75","dew","hemp","Soil Slurry","PRJNA494847","R2","rep2"
"96",0.03,"SRR7969189","ave",2084,0.976008,218.083333,163.170988,336.919838,3.324393,3.26537,3.383417,16.242141,15.296893,17.311903,0.232888,"SRR7969116","early","FALSE","Futura 75","dew","hemp","Soil Slurry","PRJNA494847","R3","rep2"
"97",0.03,"SRR7969190","ave",2084,0.930902,603.034483,465.834128,826.648924,3.902046,3.8294,3.974691,21.07841,19.438082,23.021098,0.196371,"SRR7969115","middle","TRUE","Futura 75","dew","hemp","Soil Slurry","PRJNA494847","R4","rep2"
"98",0.03,"SRR7969191","ave",2084,0.984645,142.857143,99.367993,255.452788,2.671258,2.608737,2.733779,7.536907,7.039406,8.110076,0.189551,"SRR7969118","middle","TRUE","Futura 75","dew","hemp","Soil Slurry","PRJNA494847","R5","rep2"
"99",0.03,"SRR7969192","ave",2084,0.987524,128.166667,93.355628,225.585251,3.16167,3.112223,3.211116,15.704262,14.805409,16.719309,0.309726,"SRR7969117","late","TRUE","Futura 75","dew","hemp","Soil Slurry","PRJNA494847","R6","rep2"
"100",0.03,"SRR7969193","ave",2084,0.985605,141.5,95.938267,264.122055,2.597257,2.540764,2.653749,8.606994,8.180375,9.08056,0.182748,"SRR7969124","early","FALSE","Futura 75","dew","hemp","Soil Slurry","PRJNA494847","R1","rep3"
"101",0.03,"SRR7969194","ave",2084,0.978407,201.714286,163.430366,285.192224,3.676104,3.616489,3.735719,20.270518,18.651332,22.197565,0.296094,"SRR7969123","early","FALSE","Futura 75","dew","hemp","Soil Slurry","PRJNA494847","R2","rep3"
"102",0.03,"SRR7969195","ave",2084,0.983205,133.769231,107.431558,195.805172,3.095713,3.039102,3.152323,13.334599,12.583781,14.180697,0.242563,"SRR7969101","early","FALSE","Futura 75","dew","hemp","Soil Slurry","PRJNA494847","R3","rep3"
"103",0.03,"SRR7969196","ave",2084,0.96785,262.368421,206.302755,370.560379,3.540352,3.47909,3.601615,19.44305,18.277144,20.767838,0.23089,"SRR7969102","middle","TRUE","Futura 75","dew","hemp","Soil Slurry","PRJNA494847","R4","rep3"
"104",0.03,"SRR7969197","ave",2084,0.964971,292.454545,236.888766,396.347379,3.826565,3.765129,3.888,25.117877,23.512159,26.95899,0.261073,"SRR7969099","middle","TRUE","Futura 75","dew","hemp","Soil Slurry","PRJNA494847","R5","rep3"
"105",0.03,"SRR7969198","ave",2084,0.982726,141,104.279553,229.029967,2.74108,2.682494,2.799666,9.389499,8.882333,9.958089,0.18836,"SRR7969100","late","TRUE","Futura 75","dew","hemp","Soil Slurry","PRJNA494847","R6","rep3"
"106",0.03,"SRR7969199","ave",2084,0.987044,108.909091,89.280432,159.911585,2.703012,2.63534,2.770684,6.617134,6.110114,7.215913,0.183219,"SRR7969090","early","FALSE","Futura 75","dew","hemp","Low Moisture","PRJNA494847","R1","rep1"
"107",0.03,"SRR7969200","ave",2084,0.964971,282.5,232.007348,376.199268,3.721321,3.654118,3.788524,18.952237,17.506688,20.657994,0.234412,"SRR7969089","early","FALSE","Futura 75","dew","hemp","Low Moisture","PRJNA494847","R2","rep1"
"108",0.03,"SRR7969201","ave",2084,0.96929,263.588235,205.17205,378.71598,3.769307,3.714215,3.824399,26.191456,24.479568,28.160776,0.294097,"SRR7969088","early","FALSE","Futura 75","dew","hemp","Low Moisture","PRJNA494847","R3","rep1"
"109",0.03,"SRR7969202","ave",2084,0.985605,165.75,94.93834,368.731155,1.664546,1.597155,1.731937,3.132372,3.006955,3.268706,0.076487,"SRR7969087","middle","TRUE","Futura 75","dew","hemp","Low Moisture","PRJNA494847","R4","rep1"
"110",0.03,"SRR7969203","ave",2084,0.982246,131.230769,102.115431,198.676942,2.08729,2.014843,2.159738,4.106895,3.882119,4.359301,0.089406,"SRR7969094","middle","TRUE","Futura 75","dew","hemp","Low Moisture","PRJNA494847","R5","rep1"
"111",0.03,"SRR7969204","ave",2084,0.983685,145.1,112.034649,225.629387,2.762913,2.693888,2.831939,7.206129,6.670911,7.834721,0.168704,"SRR7969093","late","TRUE","Futura 75","dew","hemp","Low Moisture","PRJNA494847","R6","rep1"
"112",0.03,"SRR7969205","ave",2084,0.982726,139.058824,118.151828,187.027922,2.554648,2.472965,2.63633,4.597124,4.260339,4.991725,0.117493,"SRR7969092","early","FALSE","Futura 75","dew","hemp","Low Moisture","PRJNA494847","R1","rep2"
"113",0.03,"SRR7969206","ave",2084,0.985605,108.1875,92.080073,147.710764,3.032076,2.979863,3.084288,13.747607,13.012548,14.570684,0.246753,"SRR7969091","early","FALSE","Futura 75","dew","hemp","Low Moisture","PRJNA494847","R2","rep2"
"114",0.03,"SRR7969207","ave",2084,0.983685,125,106.105109,169.20607,3.008584,2.950277,3.066892,12.168175,11.469065,12.958047,0.211634,"SRR7969086","early","FALSE","Futura 75","dew","hemp","Low Moisture","PRJNA494847","R3","rep2"
"115",0.03,"SRR7969208","ave",2084,0.982726,168.75,121.9261,284.247416,3.230411,3.178153,3.282668,16.392037,15.462793,17.440108,0.272922,"SRR7969085","middle","TRUE","Futura 75","dew","hemp","Low Moisture","PRJNA494847","R4","rep2"
"116",0.03,"SRR7969209","ave",2084,0.988004,98.272727,81.204288,143.891089,2.816416,2.759826,2.873006,10.033171,9.448892,10.694472,0.224526,"SRR7969109","middle","TRUE","Futura 75","dew","hemp","Low Moisture","PRJNA494847","R5","rep2"
"117",0.03,"SRR7969210","ave",2084,0.983685,143.333333,106.285161,234.665008,2.733318,2.671157,2.795479,8.140991,7.575509,8.797706,0.179798,"SRR7969110","late","TRUE","Futura 75","dew","hemp","Low Moisture","PRJNA494847","R6","rep2"
"118",0.03,"SRR7969211","ave",2084,0.974088,195.5,155.057376,277.819628,2.854801,2.786511,2.923091,8.829143,8.23632,9.513925,0.142356,"SRR7969111","early","FALSE","Futura 75","dew","hemp","Low Moisture","PRJNA494847","R1","rep3"
"119",0.03,"SRR7969212","ave",2084,0.956814,356.2,286.225304,480.443928,3.900732,3.836031,3.965433,25.158929,23.450064,27.13643,0.248403,"SRR7969112","early","FALSE","Futura 75","dew","hemp","Low Moisture","PRJNA494847","R2","rep3"
"120",0.03,"SRR7969213","ave",2084,0.983685,119.75,92.542042,184.839003,2.759907,2.707317,2.812497,10.57211,10.023016,11.184854,0.205533,"SRR7969105","early","FALSE","Futura 75","dew","hemp","Low Moisture","PRJNA494847","R3","rep3"
"121",0.03,"SRR7969214","ave",2084,0.966891,357.272727,247.404792,583.875711,3.661246,3.604786,3.717707,23.855427,22.47985,25.410324,0.265104,"SRR7969106","middle","TRUE","Futura 75","dew","hemp","Low Moisture","PRJNA494847","R4","rep3"
"122",0.03,"SRR7969215","ave",2084,0.976488,206,161.341512,301.352538,3.447172,3.388549,3.505795,17.881007,16.693191,19.250811,0.251334,"SRR7969107","middle","TRUE","Futura 75","dew","hemp","Low Moisture","PRJNA494847","R5","rep3"
"123",0.03,"SRR7969216","ave",2084,0.997121,43.5,41.409254,56.271686,2.695944,2.64633,2.745557,9.107673,8.487906,9.825077,0.345487,"SRR7969108","late","TRUE","Futura 75","dew","hemp","Low Moisture","PRJNA494847","R6","rep3"
"124",0.03,"SRR7969217","ave",2084,0.991363,80.857143,65.980852,127.435016,2.754488,2.700473,2.808503,9.595641,9.017704,10.25273,0.253672,"SRR7969113","early","FALSE","Futura 75","dew","hemp","High Moisture","PRJNA494847","R1","rep1"
"125",0.03,"SRR7969218","ave",2084,0.991363,69,57.499733,104.548002,1.726469,1.654133,1.798806,2.842494,2.692072,3.010721,0.090603,"SRR7969114","early","FALSE","Futura 75","dew","hemp","High Moisture","PRJNA494847","R2","rep1"
"126",0.03,"SRR7969219","ave",2084,0.986564,124.8,101.622685,184.713929,3.035536,2.973141,3.097931,10.280817,9.49446,11.209192,0.230374,"SRR7969211","early","FALSE","Futura 75","dew","hemp","High Moisture","PRJNA494847","R3","rep1"
"127",0.03,"SRR7969220","ave",2084,0.975528,259.375,169.596872,464.964544,2.679055,2.609879,2.748231,7.371748,6.924836,7.880325,0.137084,"SRR7969210","middle","TRUE","Futura 75","dew","hemp","High Moisture","PRJNA494847","R4","rep1"
"128",0.03,"SRR7969221","ave",2084,0.983685,154,135.105109,198.20607,3.453479,3.38849,3.518469,15.131559,14.035683,16.413056,0.255085,"SRR7969213","middle","TRUE","Futura 75","dew","hemp","High Moisture","PRJNA494847","R5","rep1"
"129",0.03,"SRR7969222","ave",2084,0.975528,236.076923,183.970911,347.242814,3.666445,3.607189,3.725701,21.427375,19.915025,23.188299,0.278194,"SRR7969212","late","TRUE","Futura 75","dew","hemp","High Moisture","PRJNA494847","R6","rep1"
"130",0.03,"SRR7969223","ave",2084,0.994242,53,44.884791,83.944117,2.129864,2.066381,2.193347,4.289371,4.008792,4.612181,0.180823,"SRR7969207","early","FALSE","Futura 75","dew","hemp","High Moisture","PRJNA494847","R1","rep2"
"131",0.03,"SRR7969224","ave",2084,0.982726,140,114.381503,199.481061,3.115487,3.059706,3.171267,14.37446,13.63044,15.204395,0.229196,"SRR7969206","early","FALSE","Futura 75","dew","hemp","High Moisture","PRJNA494847","R2","rep2"
"132",0.03,"SRR7969225","ave",2084,0.985605,113.1875,97.080073,152.710764,2.485675,2.414804,2.556546,5.939231,5.584762,6.341747,0.12952,"SRR7969209","early","FALSE","Futura 75","dew","hemp","High Moisture","PRJNA494847","R3","rep2"
"133",0.03,"SRR7969226","ave",2084,0.981766,146.214286,117.982867,210.701804,3.153768,3.096945,3.21059,13.579371,12.629329,14.683975,0.236044,"SRR7969208","middle","TRUE","Futura 75","dew","hemp","High Moisture","PRJNA494847","R4","rep2"
"134",0.03,"SRR7969227","ave",2084,0.965451,277.8,217.542719,391.81496,3.542524,3.480589,3.604458,18.513818,17.208307,20.033677,0.225195,"SRR7969215","middle","TRUE","Futura 75","dew","hemp","High Moisture","PRJNA494847","R5","rep2"
"135",0.03,"SRR7969228","ave",2084,0.983685,157.142857,108.430918,281.349028,2.82788,2.769702,2.886058,10.033125,9.466829,10.671482,0.209337,"SRR7969214","late","TRUE","Futura 75","dew","hemp","High Moisture","PRJNA494847","R6","rep2"
"136",0.03,"SRR7969229","ave",2084,0.975048,212,158.015635,326.679422,3.299427,3.24305,3.355805,16.271852,15.231978,17.464111,0.239423,"SRR7969242","early","FALSE","Futura 75","dew","hemp","High Moisture","PRJNA494847","R1","rep3"
"137",0.03,"SRR7969230","ave",2084,0.988484,87.428571,62.002219,159.026132,1.525283,1.464613,1.585954,2.916748,2.780541,3.066986,0.07652,"SRR7969243","early","FALSE","Futura 75","dew","hemp","High Moisture","PRJNA494847","R2","rep3"
"138",0.03,"SRR7969231","ave",2084,0.981286,177.1,134.561945,276.969314,3.390475,3.337104,3.443847,18.93719,17.876337,20.131896,0.281177,"SRR7969240","early","FALSE","Futura 75","dew","hemp","High Moisture","PRJNA494847","R3","rep3"
"139",0.03,"SRR7969232","ave",2084,0.976967,167.368421,136.41408,232.044469,3.12918,3.066472,3.191888,11.800994,10.963556,12.776946,0.204254,"SRR7969241","middle","TRUE","Futura 75","dew","hemp","High Moisture","PRJNA494847","R4","rep3"
"140",0.03,"SRR7969233","ave",2084,0.986564,121,104.669461,162.325848,3.265814,3.208446,3.323182,14.983853,14.014771,16.096909,0.270983,"SRR7969238","middle","TRUE","Futura 75","dew","hemp","High Moisture","PRJNA494847","R5","rep3"
"141",0.03,"SRR7969234","ave",2084,0.979367,176.090909,130.241436,279.945096,3.169804,3.11643,3.223178,15.028569,14.065765,16.132865,0.245192,"SRR7969239","late","TRUE","Futura 75","dew","hemp","High Moisture","PRJNA494847","R6","rep3"
"142",0.03,"SRR7969235","ave",2084,0.981766,168.3,127.745744,264.144443,3.131878,3.070801,3.192956,12.10054,11.228556,13.11936,0.225948,"SRR7969195","early","FALSE","Felina 32","dew","hemp","Soil Slurry","PRJNA494847","R1","rep1"
"143",0.03,"SRR7969236","ave",2084,0.972649,309.5,198.82339,558.08299,3.1197,3.05911,3.180291,12.579027,11.73356,13.555797,0.198528,"SRR7969126","early","FALSE","Felina 32","dew","hemp","Soil Slurry","PRJNA494847","R2","rep1"
"144",0.03,"SRR7969237","ave",2084,0.985605,115.25,93.557152,169.269204,2.847345,2.791977,2.902713,11.251988,10.718737,11.841074,0.20823,"SRR7969125","early","FALSE","Felina 32","dew","hemp","Soil Slurry","PRJNA494847","R3","rep1"
"145",0.03,"SRR7969238","ave",2084,0.981286,142.4,114.910067,204.380764,2.915723,2.855607,2.975838,11.043595,10.461534,11.694241,0.189806,"SRR7969128","middle","TRUE","Felina 32","dew","hemp","Soil Slurry","PRJNA494847","R4","rep1"
"146",0.03,"SRR7969239","ave",2084,0.975048,215.714286,165.975402,320.460051,3.434702,3.375313,3.494091,16.844537,15.65026,18.236144,0.250185,"SRR7969127","middle","TRUE","Felina 32","dew","hemp","Soil Slurry","PRJNA494847","R5","rep1"
"147",0.03,"SRR7969240","ave",2084,0.988004,95.857143,68.421453,172.102573,2.003819,1.942471,2.065168,4.330129,4.090388,4.599723,0.12341,"SRR7969130","late","TRUE","Felina 32","dew","hemp","Soil Slurry","PRJNA494847","R6","rep1"
"148",0.03,"SRR7969241","ave",2084,0.983685,145.125,103.021641,250.489921,2.352601,2.286328,2.418874,5.940044,5.657286,6.252553,0.128552,"SRR7969129","early","FALSE","Felina 32","dew","hemp","Soil Slurry","PRJNA494847","R1","rep2"
"149",0.03,"SRR7969242","ave",2084,0.985605,131.142857,92.594352,232.671999,2.352661,2.288609,2.416713,5.65216,5.298268,6.056711,0.139905,"SRR7969132","early","FALSE","Felina 32","dew","hemp","Soil Slurry","PRJNA494847","R2","rep2"
"150",0.03,"SRR7969243","ave",2084,0.982726,125.375,103.107043,176.62879,2.888471,2.830443,2.9465,11.010653,10.426835,11.663727,0.199598,"SRR7969131","early","FALSE","Felina 32","dew","hemp","Soil Slurry","PRJNA494847","R3","rep2"
"151",0.03,"SRR7969244","ave",2084,0.988964,97.625,77.213632,155.189712,2.957458,2.907939,3.006978,12.99311,12.291164,13.780087,0.280754,"SRR7969134","middle","TRUE","Felina 32","dew","hemp","Soil Slurry","PRJNA494847","R4","rep2"
"152",0.03,"SRR7969245","ave",2084,0.984645,125.090909,98.359259,190.744669,2.936385,2.880387,2.992384,11.605263,10.948008,12.346474,0.225919,"SRR7969133","middle","TRUE","Felina 32","dew","hemp","Soil Slurry","PRJNA494847","R5","rep2"
"153",0.03,"SRR7969246","ave",2084,0.988004,111.857143,84.421453,188.102573,2.436785,2.364184,2.509385,4.693511,4.348789,5.097589,0.153474,"SRR7969138","late","TRUE","Felina 32","dew","hemp","Soil Slurry","PRJNA494847","R6","rep2"
"154",0.03,"SRR7969247","ave",2084,0.990403,98,85.464733,134.841443,3.3179,3.268238,3.367561,17.791598,16.683886,19.056862,0.341055,"SRR7969139","early","FALSE","Felina 32","dew","hemp","Soil Slurry","PRJNA494847","R1","rep3"
"155",0.03,"SRR7969248","ave",2084,0.992802,66,51.067775,117.679028,2.629904,2.583559,2.676249,9.757932,9.264232,10.307213,0.292555,"SRR7969136","early","FALSE","Felina 32","dew","hemp","Soil Slurry","PRJNA494847","R2","rep3"
"156",0.03,"SRR7969249","ave",2084,0.986564,113,96.669461,154.325848,3.003035,2.943371,3.062699,10.988912,10.212644,11.892898,0.225254,"SRR7969137","early","FALSE","Felina 32","dew","hemp","Soil Slurry","PRJNA494847","R3","rep3"
"157",0.03,"SRR7969250","ave",2084,0.990403,92.75,76.988118,139.612688,2.584855,2.518903,2.650807,6.62928,6.19542,7.128482,0.180314,"SRR7969142","middle","TRUE","Felina 32","dew","hemp","Soil Slurry","PRJNA494847","R4","rep3"
"158",0.03,"SRR7969251","ave",2084,0.991843,87.111111,76.760923,119.962478,2.281784,2.201629,2.361939,3.6572,3.406189,3.948149,0.123861,"SRR7969143","middle","TRUE","Felina 32","dew","hemp","Soil Slurry","PRJNA494847","R5","rep3"
"159",0.03,"SRR7969252","ave",2084,0.987524,104.166667,69.355628,201.585251,1.469882,1.406729,1.533035,2.818249,2.715102,2.929543,0.068341,"SRR7969140","late","TRUE","Felina 32","dew","hemp","Soil Slurry","PRJNA494847","R6","rep3"
"160",0.03,"SRR7969253","ave",2084,0.988964,95.625,75.213632,153.189712,2.778018,2.718894,2.837141,8.232827,7.597644,8.983905,0.239478,"SRR7969161","early","FALSE","Felina 32","dew","hemp","Low Moisture","PRJNA494847","R1","rep1"
"161",0.03,"SRR7969254","ave",2084,0.994722,58.857143,52.961855,82.467512,2.596414,2.541284,2.651544,8.020123,7.517004,8.595422,0.248311,"SRR7969158","early","FALSE","Felina 32","dew","hemp","Low Moisture","PRJNA494847","R2","rep1"
"162",0.03,"SRR7969255","ave",2084,0.981766,198.166667,126.99735,379.452578,2.874227,2.814258,2.934196,9.446794,8.758459,10.252552,0.208897,"SRR7969159","early","FALSE","Felina 32","dew","hemp","Low Moisture","PRJNA494847","R3","rep1"
"163",0.03,"ERR2757325","ave",5877,0.946571,1062.280303,967.04712,1190.249286,4.634041,4.579103,4.688979,21.146864,19.67778,22.853,0.147938,"SRR7969156","middle","TRUE","Felina 32","dew","hemp","Low Moisture","PRJNA494847","R4","rep1"
"164",0.03,"ERR2757326","ave",5877,0.982644,415.285714,308.381605,604.776585,2.373375,2.328476,2.418274,4.748606,4.546636,4.969355,0.057595,"SRR7969157","middle","TRUE","Felina 32","dew","hemp","Low Moisture","PRJNA494847","R5","rep1"
"165",0.03,"ERR2757327","ave",5877,0.988259,314.461538,223.759662,496.817395,2.842859,2.802946,2.882772,7.959964,7.584898,8.374053,0.12154,"SRR7969164","late","TRUE","Felina 32","dew","hemp","Low Moisture","PRJNA494847","R6","rep1"
"166",0.03,"ERR2757328","ave",5877,0.985367,373.368421,285.40026,535.458979,3.159013,3.119035,3.198992,11.785136,11.303419,12.309738,0.125263,"SRR7969165","early","FALSE","Felina 32","dew","hemp","Low Moisture","PRJNA494847","R1","rep2"
"167",0.03,"ERR2757329","ave",5877,0.987409,293.619048,233.675126,405.885751,3.188724,3.151029,3.226419,13.155344,12.648353,13.704677,0.141814,"SRR7969234","early","FALSE","Felina 32","dew","hemp","Low Moisture","PRJNA494847","R2","rep2"
"168",0.03,"ERR2757330","ave",5877,0.974136,689.037037,524.375554,957.83043,3.362509,3.32058,3.404437,14.081755,13.490398,14.727335,0.105937,"SRR7969235","early","FALSE","Felina 32","dew","hemp","Low Moisture","PRJNA494847","R3","rep2"
"169",0.03,"ERR2757331","ave",5877,0.982814,412.565217,317.989265,578.704202,3.147723,3.107442,3.188004,11.589016,11.09137,12.133417,0.116057,"SRR7969232","middle","TRUE","Felina 32","dew","hemp","Low Moisture","PRJNA494847","R4","rep2"
"170",0.03,"ERR2757332","ave",5877,0.978901,674.666667,491.267234,998.057522,3.614656,3.573767,3.655546,18.285474,17.55621,19.07795,0.144554,"SRR7969233","middle","TRUE","Felina 32","dew","hemp","Low Moisture","PRJNA494847","R5","rep2"
"171",0.03,"ERR2757333","ave",5877,0.97822,534.058824,441.598586,684.834053,4.003864,3.963362,4.044366,25.259965,24.103114,26.533463,0.183026,"SRR7969230","late","TRUE","Felina 32","dew","hemp","Low Moisture","PRJNA494847","R6","rep2"
"172",0.03,"SRR3123509","ave",9301,0.976884,941.394737,735.563138,1253.258756,2.118077,2.076079,2.160075,3.759876,3.670311,3.853923,0.021836,"SRR7969231","early","FALSE","Felina 32","dew","hemp","Low Moisture","PRJNA494847","R1","rep3"
"173",0.03,"SRR3123510","ave",9301,0.968498,1226.892857,1000.893628,1547.847015,2.877757,2.832698,2.922816,5.792973,5.598897,6.000988,0.036308,"SRR7969228","early","FALSE","Felina 32","dew","hemp","Low Moisture","PRJNA494847","R2","rep3"
"174",0.03,"SRR3123511","ave",9301,0.965703,1252.029851,1039.712458,1547.104072,2.714431,2.667555,2.761307,4.992243,4.849009,5.144196,0.028534,"SRR7969229","early","FALSE","Felina 32","dew","hemp","Low Moisture","PRJNA494847","R3","rep3"
"175",0.03,"SRR3123512","ave",9301,0.957746,1568.962963,1323.620069,1899.611162,3.279592,3.232899,3.326285,7.800685,7.515948,8.107845,0.041434,"SRR7969226","middle","TRUE","Felina 32","dew","hemp","Low Moisture","PRJNA494847","R4","rep3"
"176",0.03,"SRR3123513","ave",9301,0.956779,1702.202703,1417.297092,2088.030233,2.899099,2.848327,2.94987,4.414983,4.250834,4.592317,0.028036,"SRR7969227","middle","TRUE","Felina 32","dew","hemp","Low Moisture","PRJNA494847","R5","rep3"
"177",0.03,"SRR3123514","ave",9301,0.975056,814.278689,679.283114,1009.165214,2.561667,2.521208,2.602126,5.574608,5.402691,5.757826,0.031972,"SRR7969173","late","TRUE","Felina 32","dew","hemp","Low Moisture","PRJNA494847","R6","rep3"
"178",0.03,"SRR3123516","ave",9301,0.968068,1254.2,1017.546253,1590.409998,2.515012,2.47002,2.560003,4.749077,4.62091,4.884557,0.025037,"SRR7969172","early","FALSE","Felina 32","dew","hemp","High Moisture","PRJNA494847","R1","rep1"
"179",0.03,"SRR3123517","ave",9301,0.960649,1721.842105,1391.06303,2182.71226,2.873638,2.827583,2.919693,6.388514,6.2169,6.569871,0.030421,"SRR7969171","early","FALSE","Felina 32","dew","hemp","High Moisture","PRJNA494847","R2","rep1"
"180",0.03,"SRR3123518","ave",9301,0.956134,1730,1437.408677,2125.809054,3.212077,3.167432,3.256721,8.796311,8.521759,9.089143,0.03926,"SRR7969170","early","FALSE","Felina 32","dew","hemp","High Moisture","PRJNA494847","R3","rep1"
"181",0.03,"SRR3123519","ave",9301,0.943232,2319.235955,1947.831851,2806.378709,3.336741,3.288295,3.385187,8.154059,7.873806,8.454998,0.03593,"SRR7969169","middle","TRUE","Felina 32","dew","hemp","High Moisture","PRJNA494847","R4","rep1"
"182",0.03,"ERR2179951","ave",28379,0.992953,796.122449,662.199678,995.935484,3.144635,3.125468,3.163802,10.703739,10.464137,10.95457,0.057098,"SRR7969168","middle","TRUE","Felina 32","dew","hemp","High Moisture","PRJNA494847","R5","rep1"
"183",0.03,"ERR2179952","ave",28379,0.987385,1338.230769,1156.902579,1582.679999,3.594499,3.575265,3.613734,18.547187,18.1955,18.912737,0.055744,"SRR7969167","late","TRUE","Felina 32","dew","hemp","High Moisture","PRJNA494847","R6","rep1"
"184",0.03,"ERR2179953","ave",28379,0.991261,1048.56,856.70944,1327.897632,2.696618,2.675104,2.718131,6.75985,6.648812,6.87466,0.031792,"SRR7969166","early","FALSE","Felina 32","dew","hemp","High Moisture","PRJNA494847","R1","rep2"
"185",0.03,"ERR2179954","ave",28379,0.991085,947,803.529342,1151.095256,3.418759,3.400261,3.437258,15.000199,14.671542,15.343918,0.063783,"SRR7969175","early","FALSE","Felina 32","dew","hemp","High Moisture","PRJNA494847","R2","rep2"
"186",0.03,"ERR2179955","ave",28379,0.987561,1520.647059,1270.700857,1864.721667,3.785852,3.76773,3.803975,24.396657,23.997026,24.809824,0.071078,"SRR7969174","early","FALSE","Felina 32","dew","hemp","High Moisture","PRJNA494847","R3","rep2"
"187",0.03,"ERR2179956","ave",28379,0.989182,1138.431579,1006.24836,1318.848014,4.039624,4.020009,4.059238,24.39376,23.820139,24.995691,0.086788,"SRR7969186","middle","TRUE","Felina 32","dew","hemp","High Moisture","PRJNA494847","R4","rep2"
"188",0.03,"ERR2179957","ave",28379,0.98594,1678.267442,1443.657423,1992.803791,3.949914,3.929152,3.970676,22.750469,22.286943,23.233686,0.067548,"SRR7969187","middle","TRUE","Felina 32","dew","hemp","High Moisture","PRJNA494847","R5","rep2"
"189",0.03,"ERR2179958","ave",28379,0.99327,846.5,680.332152,1101.356901,2.784722,2.763176,2.806268,6.531793,6.392614,6.677167,0.041292,"SRR7969188","late","TRUE","Felina 32","dew","hemp","High Moisture","PRJNA494847","R6","rep2"
"190",0.03,"ERR2179959","ave",28379,0.992142,876.019231,724.466686,1098.35924,2.590582,2.569284,2.611881,5.959532,5.851637,6.07148,0.030921,"SRR7969189","early","FALSE","Felina 32","dew","hemp","High Moisture","PRJNA494847","R1","rep3"
"191",0.03,"ERR2179960","ave",28379,0.991367,957.75,793.557968,1194.891409,2.974406,2.954575,2.994237,9.298988,9.126534,9.478085,0.04392,"SRR7969190","early","FALSE","Felina 32","dew","hemp","High Moisture","PRJNA494847","R2","rep3"
"192",0.03,"ERR2179961","ave",28379,0.988442,1302.467532,1113.308515,1562.157859,3.956743,3.93928,3.974205,29.851923,29.370309,30.349594,0.084771,"SRR7969191","early","FALSE","Felina 32","dew","hemp","High Moisture","PRJNA494847","R3","rep3"
"193",0.03,"ERR2179962","ave",28379,0.989535,1144,977.586346,1375.180698,3.744493,3.726622,3.762364,23.518237,23.126762,23.923193,0.075205,"SRR7969192","middle","TRUE","Felina 32","dew","hemp","High Moisture","PRJNA494847","R4","rep3"
"194",0.03,"ERR2179963","ave",28379,0.988125,1557.263158,1272.537664,1956.405445,3.592812,3.57366,3.611965,18.161741,17.824499,18.511991,0.062764,"SRR7969193","middle","TRUE","Felina 32","dew","hemp","High Moisture","PRJNA494847","R5","rep3"
"195",0.03,"ERR2179964","ave",28379,0.986716,1567.164557,1332.380868,1885.168314,3.75937,3.739235,3.779504,19.678468,19.270596,20.103979,0.062663,"SRR7969194","late","TRUE","Felina 32","dew","hemp","High Moisture","PRJNA494847","R6","rep3"
